{"training_loss": 4.944299221038818, "_timestamp": 1718054972.108853, "_runtime": 131.27377605438232, "_step": 109, "validation_loss": 4.943341255187988, "_wandb": {"runtime": 130}}