{"acc": 0.8724396371334021, "loss": 0.197940164148146, "_timestamp": 1718049861.501486, "_runtime": 6.926655054092407, "_step": 7, "_wandb": {"runtime": 6}}