{"acc": 0.8939707094433944, "loss": 0.15969225209241292, "_timestamp": 1718049785.775241, "_runtime": 6.64854097366333, "_step": 7, "_wandb": {"runtime": 6}}