{"training_loss": 4.9775004386901855, "_timestamp": 1718055220.225814, "_runtime": 132.74474716186523, "_step": 109, "validation_loss": 4.956414222717285, "_wandb": {"runtime": 132}}