{"training_loss": 4.964364051818848, "_timestamp": 1718092365.147264, "_runtime": 129.9281530380249, "_step": 109, "validation_loss": 4.969808721542359, "_wandb": {"runtime": 129}}